{"cameraMode":{"drawMode":0,"name":"Shaded","section":"Shading Mode"},"sceneLighting":false,"audioPlay":false,"sceneViewState":{"m_AlwaysRefresh":false,"showFog":true,"showSkybox":false,"showFlares":true,"showImageEffects":true,"showParticleSystems":true,"showVisualEffectGraphs":true,"m_FxEnabled":true},"in2DMode":false,"pivot":{"x":84.60237121582031,"y":8.208351135253907,"z":65.91331481933594},"rotation":{"x":0.03263223543763161,"y":-0.9634483456611633,"z":-0.13488923013210298,"w":-0.23026879131793977},"size":0.041450273245573047,"orthographic":false}